{
  "client_meta": {
    "background_color": {
      "r": 0.9607843160629272,
      "g": 0.9607843160629272,
      "b": 0.9607843160629272,
      "a": 1
    },
    "thumbnail_size": {
      "width": 400,
      "height": 103
    },
    "render_coordinates": {
      "x": 16400,
      "y": -18701.91015625,
      "width": 40880,
      "height": 10477.91015625
    }
  },
  "file_name": "METTEVO.COM – Structure"
}